Country Name;2010;2011;2012;2013;2014;2015;2016;2017;2018;2019;2020;2021;2022;2023
Aruba;33729.5119101741;35324.0720643325;34095.6471714416;35901.653313159;35657.2871970529;35972.8664446515;36117.5082112517;37524.9284784013;39287.0195169703;39110.2761899842;28976.4635497124;35696.3093722926;41649.4507917816;44967.3445127078
;3149.01959831958;3253.72350463828;3171.57027555074;3290.84430048203;3426.57581807575;3456.3654480221;3551.06932335969;3703.88660541311;3648.31091074507;3742.84895486287;3629.50800351872;3907.95163712488;4229.68210035357;4374.22953170023
Afghanistan;1765.53802828895;1744.06062321558;1988.42930381554;2133.24127098647;2224.49074815215;2284.07584789349;2213.1814410479;2335.79586234454;2432.27670083336;2583.48533239877;2561.98176058622;2144.16657002819;2122.99581512665;2211.28063454007
;3477.31974850969;3620.64951080036;3735.92537325613;3899.64589696862;4103.76560363713;4052.73379670423;3996.86426739139;4063.18504982506;4198.08104224978;4454.15603820527;4441.93733816671;4698.92689418476;5107.2729392421;5343.4685293794
Angola;6607.02219696569;6711.39025723883;7354.94296631261;7561.03920495179;7990.27445672775;7119.72644274401;6843.73589660504;6992.7288342812;7347.79993635052;7528.38241791217;6450.74994625154;7408.12659121059;7924.88880583905;8040.70244971812
Albanie;9626.66489321844;10207.1698784161;10525.7225348883;10570.4198326029;11258.4572796244;11658.0457494095;12078.3488244026;12769.7625847853;13695.9139741887;14791.7339615133;14511.4389162881;16353.808681641;19596.7202597429;21925.6083767592
Andorre;43853.1712389445;46436.1158605018;45503.0444835288;45609.2307220926;48505.6017354794;50733.2390011701;53110.1426270832;53084.8639640903;55244.6554088177;57475.0692842215;52095.8414004627;59332.2029100127;68470.075948385;71730.6686821645
Le monde arabe;14651.3194425117;15180.3159629306;16008.8456975336;15901.7745263347;15654.4506056704;14148.1366868659;13685.3401012034;14286.478292971;15319.0196998155;15452.5417546514;14132.444333647;15534.5237971213;17198.6558424865;17634.8156082296
Émirats arabes unis;83670.9093774571;87709.0444079967;87339.687656397;85514.8024335635;85248.1547348301;71720.3084491294;67702.1473930392;68043.2312133421;75071.1800501443;76884.9468968289;65352.8344194961;67401.1212950201;73777.7443949344;76110.3848456483
Argentine;17847.6110371438;19104.9909405228;19430.4178068112;19928.989490167;19487.4181748868;19899.1499275245;20105.761359796;23385.0740904917;24410.3919063335;23516.8261980886;22393.3479575353;26300.274261175;29597.6938429264;30082.3045247323
Arménie;7095.21267972094;7624.26772626905;8942.63537897164;9454.87852836557;9736.2349746279;9756.84084836026;10570.2720413936;12066.0043093819;12877.4937543553;14975.7539538157;14706.3173043422;15921.705281964;19161.370051419;21342.5145334886
Samoa américaines;;;;;;;;;;;;;;
Antigua-et-Barbuda;23958.4212623175;23692.724350004;22377.3619121949;21759.3680239872;21673.3949588348;20989.3858896307;21321.7097579145;21370.3095091624;24524.2137953887;26533.7301936962;22356.7687224849;25733.2948269644;30031.7474698743;32149.1403648823
Australie;39372.8511038542;42022.7392158859;42863.3483169945;45930.8505081503;46903.770304139;46275.9119122188;47260.1529933747;48371.1409956585;50183.6898127634;52673.0638176231;53984.1246979075;57321.5631542565;65284.928186312;69231.3103595531
Autriche;41740.1149241758;44171.5618687028;46156.4832073037;47519.8522796571;48355.4977624407;49549.3162311441;52397.8635176673;53869.8321183555;56636.4953030539;60354.9279422121;58523.0337816244;63576.2416254062;71101.0667168287;73134.7854032466
Azerbaïdjan;14680.8741446231;14804.5744507911;15994.1466501836;17267.5118919537;17563.6122454385;15075.2726347911;14535.8020210633;14315.929643106;15282.9995232298;16675.3179361558;15163.5703327282;20111.3756952109;22552.114937879;23597.8378621757
Burundi;613.649848950212;628.667677982637;638.873181633008;687.365920077706;724.360357491385;797.426234406883;771.987433717541;761.26925722129;753.455516066195;779.197990653363;786.515830674648;836.665571337829;888.518158386928;919.906646235639
Belgique;39844.4054386496;41244.8495035213;42483.5250666788;43864.1204196838;45147.6429534057;46071.914889496;48414.5518065681;50256.0631772784;52466.7330784599;56712.4695719782;56120.0958420466;61873.9649551893;69456.869820456;72070.7590599945
Bénin;2220.32854609324;2264.84186926384;2346.08416204547;2511.65309588333;2670.41561399187;2725.33724817144;2842.0246258376;2885.89383987721;2965.30628143664;3148.97969597838;3244.58772756805;3464.2886286745;3844.16493382584;4129.97941493295
Burkina Faso;1449.42216381509;1531.34338243982;1571.83884477315;1642.89213125776;1661.31773793757;1691.57935387408;1881.75893134407;2042.40295259917;2073.3235382155;2232.16282016585;2380.72282781802;2486.43093147762;2641.87011276969;2754.71346543425
Bangladesh;2833.69544366101;3051.26983271811;3434.27815090447;3691.10431102117;3972.50647733491;4212.23578089428;4579.13228682862;4882.60692615639;5490.15881865179;6047.12401504125;6640.58437331062;7441.06913961254;8450.54902533944;9147.77750665547
Bulgarie;14955.2598312277;15746.5388955975;16326.4315317425;16648.5069292721;17615.1088943583;18384.753572458;20064.9079467146;21455.8754961753;22976.2909017038;25433.9001637477;25862.2931027806;29536.678063191;34625.471422114;38904.918552163
Bahreïn;49254.5770079436;52677.4511190668;56712.5692656153;56310.3117458189;54299.0564613228;48034.2468880503;47428.9018907649;50184.5005767301;51993.1307818652;56599.5214364411;53436.0316999712;54954.6757895532;61562.1414837823;63497.6169362333
Bahamas;30125.760841879;30582.0473124073;31100.5660768195;30127.5454307017;31321.7025136306;31687.724047011;31916.2517635492;33703.2226750049;34668.809181369;35406.5739124983;26141.4530002473;29340.4723479708;34719.2847669033;36742.0620432456
Bosnie-Herzégovine;9086.34418261396;9760.95973796395;10120.6196427647;10807.7387054192;11167.0724465624;11844.6450860484;12898.8832854666;13625.8226889739;14857.5802513806;16428.1948957379;16369.2486945045;18544.0759332651;21186.7281975961;23421.8698057032
Bélarus;15339.0999024908;16563.2014078209;18114.7508606707;19014.0529737697;19037.8209530599;18133.5696288888;17832.4778855815;18413.7127377197;20026.0306698699;22301.5766886376;24872.3398993711;27611.1801135156;28429.4948814534;30763.0198215957
Belize;9734.89239719758;9697.85343903603;9266.09146145698;9514.40354285543;9489.94683154866;9538.19054142614;9401.53293960018;9121.74716397996;9527.70914005255;10531.3234398626;9618.01643529994;11677.4610095172;13465.9807069861;13823.4379513758
Bermudes;72188.6928297547;70911.542318725;69149.0500342682;71519.6398526584;71988.5383627822;75943.4642970922;80412.1834895484;85680.9701917217;85978.2177227009;90984.457670832;85143.7179221205;92276.2346046359;105048.434014574;108810.998438551
Bolivie (État plurinational de);5100.52757233111;5388.5129347759;5866.98414168445;6589.67145543799;7047.20152925339;7152.04465008671;7547.90376778126;8510.26685556152;8952.58785283125;9174.44563456336;8293.99121184441;9454.19814726348;10371.9629040947;10925.2730516706
Brésil;14451.715839153;15211.7920395129;15198.0863321248;15722.3335254698;15827.3081625514;14821.438318195;14309.2061473297;14559.0488894794;15463.7426396097;16069.8380163501;16101.618305077;18075.7060063108;19876.8533546887;21107.2821033791
Barbade;18977.5426796576;19165.0101287625;17936.9937259746;18004.6691202993;17752.5177240704;17804.7490038367;18013.6734415905;17898.8994551274;18551.1686491129;18760.3700129938;15824.49106614;15683.8847128096;19786.3615156208;21336.1575553015
Brunéi Darussalam;79542.677875612;82735.3914838894;87256.0422331538;83237.1470918238;81225.5484781769;62707.8263582428;56679.5185751306;61657.6802809744;65148.8264520382;69353.6798666178;69787.9633393605;78248.7971101454;81801.7459082792;85267.5530498505
Bhoutan;7245.7726387755;7935.46761203249;8577.4073193319;8666.91063640017;9323.39448982717;10213.8139630438;11273.2823798666;11677.4142686794;11969.5614973058;12909.1009832232;12475.0480046964;13458.8126642925;15063.8105697833;
Botswana;12491.1580840844;13355.1608411236;12474.792512127;13341.1770062004;15003.3197518349;14143.6940733728;16228.1231235664;15700.6650479641;15785.819633781;15960.0156143903;15292.3028420199;17961.3576218457;19977.6508534267;20916.4015457301
République centrafricaine;936.485497362336;980.185520951852;1062.06809941049;709.853481245446;698.963738923072;768.870887999174;826.013301383169;883.810734876066;905.817788941094;984.843183678857;1066.29005423151;1128.55237996459;1218.43422114745;1259.82439976102
Canada;40098.2537191139;41666.8374590278;42291.9729357094;44301.0562529133;45758.1007297304;44668.0912814303;46470.6466391111;48317.3874457165;49982.5999118348;50498.9731057448;48590.6832121939;55781.6990272912;62041.5620298406;61650.9898668262
Europe centrale et les pays baltes;20871.4212044535;22367.9912459953;23165.4635074408;23915.9990550982;25002.852805751;26224.4086696378;27871.9765601046;29977.9357048116;32217.3492102617;35739.5144400065;36169.9031124855;40579.0879511613;45327.165307134;48514.3007045239
Suisse;54432.3330821362;57493.5810559211;59440.9158607666;61656.4661708516;63417.0437157565;65265.04573356;67350.7518747757;68193.5054944094;70688.8187491194;73732.2353322093;72997.8239503282;81603.2073073193;90732.72306535;92580.3539076339
Îles Anglo-Normandes;;;;;;;;;;;;;;
Chili;17917.8951218552;20121.6834207585;21366.1771259648;22201.0660680295;22553.6161793622;22468.3125742714;23256.5036046897;24295.2237671304;25305.0903462611;25611.7578269458;25350.8635082972;29105.1012040566;31668.0332534258;33234.9798440715
Chine, continentale;9256.10388205582;10292.9404780675;11233.9727678781;12011.6805856079;12700.4440173922;13201.6738280782;13882.0280462079;14750.3658330379;16006.9131210004;17262.1759037355;17891.4802869971;20406.7296584605;22509.6363514159;24569.2865118726
Côte d'Ivoire;3360.54408822778;3175.9192237076;3290.72306949457;3619.01790854865;4074.21445539789;4403.64296618998;4530.64849808487;4690.17801861096;4945.62520575915;5516.39055126829;5543.85096318939;6045.20480490879;6707.9479515214;7197.690104362
Cameroun;2913.94292752765;2988.8172872551;3059.64226568251;3238.86829843733;3422.26128158344;3497.66067563959;3626.99932028578;3767.43072883824;4010.76360069526;4241.11174920592;4365.44704128392;4793.55628200196;5188.97750866084;5405.57465742866
République démocratique du Congo;597.088740783376;630.284880597714;632.202076130903;712.439006688802;804.596634628245;859.143482737815;913.955559409226;1003.25735502912;1069.28163391342;1167.32061572833;1136.00839556367;1313.61821829086;1484.24116603544;1615.75070528392
Congo;5125.06991338647;5175.20439089036;6058.06449417412;5833.86336651436;5733.18393561256;4715.13431581624;4016.04908525318;4444.63900215824;5593.19370578686;5719.59977338291;4770.96449758365;6263.21161292636;6647.49681731392;6850.27770621093
Colombie;10841.1279800255;11707.4614624747;12093.0754939172;12779.8865818318;13355.3624162195;13332.0555048211;14026.8399931053;14400.6139849314;15239.4049488277;16181.5908990662;15519.2101694656;17700.0596815076;21111.0431708331;21448.0925680684
Comores;2372.41366334474;2471.78724731503;2678.70262820601;2832.53121548144;2937.61192894982;2949.47342240994;3139.05160740465;3347.45652997483;3304.54845189025;3312.74957050544;3261.59496762745;3441.21155585858;3709.90007443695;3883.12647595233
Cabo Verde;6038.58525649778;6384.22844090415;6318.06108723364;6367.28001322501;6416.83301150977;6773.48679969386;7350.75358726727;7935.76176281072;7916.42115326174;8645.75646859343;6852.57669930355;7685.41921393669;9481.07335405609;10308.6791674628
Costa Rica;12927.5645928889;13614.2603998924;14463.7404448087;15232.0771529497;16393.8095428323;17525.1404625145;19201.7453233396;20499.3442130778;21498.0350746836;23339.6091317787;22099.8678127394;24140.4341568516;26691.5175762556;28536.3687260831
Petits états des Caraïbes;14683.6963876121;15207.1214867648;15444.9801385295;15775.8837963047;16098.3223643147;16237.7283287129;16060.1277583974;17133.6718526885;17733.1799632717;18769.9957548677;17040.7660715737;20001.2697382849;26741.8160543053;31622.8558618208
Cuba;;;;;;;;;;;;;;
Curacao;25956.8107583086;26251.3627992366;25105.9924749835;24821.7962782173;24347.7604866101;24037.6486252583;23649.5914937775;24321.7467432044;24623.0413085512;25396.9967729561;21797.0190515902;25163.9936597935;29275.7201652066;32059.7222328263
Îles Caïmans;66325.4574305175;66629.1626966291;64726.5311142894;63648.2539137692;63560.5141777232;64009.3167970419;65680.0748270553;68017.6758327335;71811.8917405219;72697.3672861884;66118.6545207023;74150.8580949692;81803.0976481797;86689.2088816425
Chypre;33504.37890625;33404.21875;31922.306640625;30450.125;30168.916015625;31920.009765625;35877.1015625;38411.4140625;40922.73828125;45115.05859375;43352.28125;49929.83984375;56948.875;60144.59375
Tchéquie;28156.9854724601;29237.1870959847;29465.6074011894;31013.0082933831;32743.489773169;34093.0280593748;36445.0485732064;39346.0305642572;41638.1831076598;45614.0171132531;44839.4822099456;49995.7048177559;53706.4947510187;55875.1274861367
Allemagne;39730.4897885271;43398.3443992496;44229.3941921739;45889.0173022052;47938.7968210418;48545.400721962;51569.9016841198;54110.2536648815;56273.0405627015;59270.7276496985;58685.8726997709;62950.048090848;67939.816383474;71438.2896605113
Djibouti;;;;3759.29471910336;3967.67113054559;4263.96288890455;4431.56588556176;4676.71336058903;5083.11438886705;5398.00419189126;5599.10076126003;5947.86088370479;6517.37589344039;7103.6910898466
Dominique;10313.9510172097;10473.6984312598;10199.7971009947;10312.9268605916;10988.9776479385;11212.6835140893;12174.2434963099;11754.0766098858;13307.451499265;15206.9011569294;13577.826654652;15594.2853457545;17738.1144882758;19333.7646058722
Danemark;43042.394637021;44443.7163844726;44755.1624273018;46869.1932887749;47879.5955558233;48897.2099776611;51820.9521305488;55271.5976002662;57233.6231685615;60594.9664001912;62682.2899474389;70342.3173011589;78300.1118486793;77236.81740886
République dominicaine;11267.8918525089;11711.1142951645;11799.9382014139;12439.0615223877;13498.0709290057;14845.4106308462;16314.8920957459;17043.8723098219;18113.539179722;19721.360927265;19070.3811777135;21912.2589614037;24379.8733515798;25624.0097724218
Algérie;14201.3659904784;14639.8779436268;14441.3293398806;14370.820661674;14694.143827383;13807.3515841478;13437.8460232169;13493.560749484;13727.1266357859;13892.5333446205;12676.5130564294;14496.8654697299;15836.0944368871;16824.4879032987
Asie de l’Est et Pacifique (hors revenu élevé);8722.07618977755;9560.52721545544;10395.6356742073;11030.9770266806;11591.251117265;11970.6431002047;12557.4684751084;13306.2712349399;14393.8238896544;15457.1466634341;15763.5197910972;17676.4470634892;19575.97008976;21258.2478369775
de dividende précoce démographique;6928.74048297586;7339.00846001687;7707.03370973236;7934.6019527517;8164.16834281646;8273.19180092297;8587.90710057269;9050.80526310608;9545.21539431555;9867.89430428223;9615.6742368783;10708.4198286289;12088.7241191259;13068.7421316154
Asie de l’Est et Pacifique;11758.44769357;12642.4342852886;13509.3159140743;14246.3931693835;14807.7901732791;15275.2589707458;15837.0432798432;16626.3498956177;17732.6356498084;18787.1073890843;19092.44451054;21174.8268155396;23270.3185365686;25110.1382276638
Europe et Asie centrale (hors revenu élevé);12026.5654559243;13242.2849731357;13991.9253552215;15232.1782743624;15756.3443333749;16056.8789138586;16652.1919888111;17590.8114349608;18188.6473959219;19259.8383735146;19587.5398491233;21953.9899592237;24677.9670639264;28104.1345608061
Europe et Asie centrale;26204.8836073952;27797.6900924957;28549.6715861602;29834.3694452273;30574.4482837882;31011.029295988;32424.4200253843;34152.171436909;35853.2621904408;38462.3806753394;37926.5920662358;42726.2479620681;47143.9372585436;50252.5098766099
Équateur;8968.940408302;9768.69201080404;10244.5177816184;11295.6127804419;11835.6091276538;10877.7507461388;10881.4890706732;11793.4797426944;12186.8847218273;12543.0147078172;11526.8011806884;13539.7108484794;15280.096372305;16062.0163648341
Égypte;8837.76450025088;8988.10781880653;10342.4317112754;10511.3931678495;10256.4367553616;10903.3368231185;10665.6676499685;11124.7351098149;12329.2446781436;13363.732696323;15231.865417764;15579.0160861551;17526.8017030166;18524.5572197031
Zone euro;35805.4965397165;37512.7393101212;37858.6354621214;39071.9520057113;40061.5280668796;41174.0055514455;43665.7892200416;45763.0905560973;47688.0025299131;51247.036929325;49700.4309477276;54772.7855639841;60416.8958997965;63674.893458351
Érythrée;1599.19106104897;1742.32363018235;;;;;;;;;;;;
Espagne;31808.2179879539;32015.5752000401;31869.7839822219;32602.6024963074;33746.320526221;35211.544946414;37591.7431945534;39806.4420431184;41001.3588703988;44027.4932307597;39322.6743086402;44091.1094602499;49690.9209320712;54123.111397101
Estonie;21616.7122418461;24652.3610297918;26242.5282659014;27831.1526234213;29403.6584494815;29712.6299473728;31947.7769107437;34506.6486942505;37120.9879761679;40586.3784378889;40672.1340402132;45063.541854854;48516.3566767414;49500.6536206928
Éthiopie;995.653978591756;1098.11515728787;1178.97474553026;1252.86896408004;1484.63145566608;1632.61818006837;1857.54893125842;2004.74759745913;2095.31797038653;2242.44459025146;2406.78942878966;2588.41296931036;2844.90683529484;3058.12804387633
Union européenne;33055.6231422072;34733.8799413452;35181.5596149523;36304.6167444365;37327.0887358559;38502.3420759921;40844.3565462394;42966.4819824438;44965.6929682842;48546.5634475835;47486.17522843;52528.51698845;58047.4460336411;61217.6400891121
Fragile et les situations de conflit touchées;4100.66313584582;4122.87261136363;4326.09193208652;4520.71503483388;4536.15275205677;4341.86536424301;4401.93038539698;4639.73298822686;4827.81880599897;5052.36184672427;4888.88936871074;5147.36186474092;5303.24420819065;5492.42314031462
Finlande;38950.5525874191;40845.9566729849;40739.1131809421;41325.8052072321;41547.0984485393;42257.8593791297;44562.4011072069;47234.8528600939;49248.6775395868;52276.1115723994;53296.5792798852;57350.8712055554;62233.4956705092;64055.858142792
Fidji;7476.10752707756;7814.69970301931;8357.19884088104;9006.75600061022;10712.0289825232;11733.7429658024;11984.5635759745;12819.563484721;13225.9194522037;13219.697552636;11235.2760832988;10685.1969806618;13672.2356371837;15152.1376449166
France;35911.5438581409;37510.3759898714;37671.0239268565;39583.3520435045;40218.1258637776;40905.1767750994;42880.2351355429;44469.1458856805;46381.0590629455;51130.472314058;49481.8044309652;53901.1095813953;57870.9145212396;61473.3030822433
Îles Féroé;39766.5911032923;42133.215149502;46196.8428244531;49780.8416029095;53198.4138531442;53682.1715306077;54318.3039329688;56413.9834851915;58930.8202815502;62219.8390292479;61643.8149298644;67757.7773227559;74282.3069948875;78103.483399586
Micronésie (États fédérés de);3125.9125289669;3287.30215541256;3280.15861858326;3206.36152298855;3178.89962160728;3346.80950593815;3383.79701205211;3459.86474185405;3525.34462623042;3717.18067032727;3671.61362363374;3921.72503036883;4150.40933444852;4313.62760101578
Gabon;14014.6905489756;14784.3483551883;14619.7181445113;14497.9921216902;14853.6712460355;14306.4340768252;13997.7352841911;14796.6286374171;15432.0430535353;15949.6373739622;14477.1308291745;18523.5798032193;19992.5570642927;20757.0723768678
Royaume-Uni de Grande-Bretagne et d'Irlande du Nord;36487.6718531875;37224.3787645256;38343.0869033484;39954.2191450769;41278.1275079919;42496.8542909218;44082.1164678492;46048.2000506645;47090.4848967293;49911.1566522001;47987.5832915072;52872.1956117395;57224.6503962648;59626.1955716651
Géorgie;7711.80683881969;8563.83554915647;10059.9820603954;10797.3423273476;11770.6989360253;12269.6528932768;13065.294157468;13718.9378669764;15021.9057577433;16770.1333771469;16791.2598654465;18915.6534005263;22461.3326414548;25071.9677147202
Ghana;3855.46891712998;4381.12535523694;4933.65254349093;5214.56935848794;5517.13178763566;5191.37053389659;5011.07931572904;5170.96094857439;5536.49795400218;6002.55044678386;6047.30111673554;6607.50297378321;7209.03673375227;7543.02674728777
Gibraltar;;;;;;;;;;;;;;
Guinée;1621.69161139662;1705.27110438049;1789.97473033561;1842.00227737409;1873.21413058957;1929.68091332187;2255.32617992615;2687.09504827171;2844.46427670549;3105.82789015443;3331.85663003801;3738.8051255133;4062.36136437923;4383.15219659423
Gambie;2266.82898236232;2064.253852883;2064.81438121612;2006.74081646788;1933.70329718446;1990.31625750973;2012.67648180251;2038.95429850128;2277.44236224191;2421.72318070615;2530.80414937307;2777.79620978324;3067.31040374628;3254.37457704257
Guinée-Bissau;1369.68917064785;1471.76279879072;1401.84994044148;1415.82511935379;1455.90813665193;1729.94260310123;1824.3730977071;2081.81287227685;2057.96969129146;2236.62931389656;2259.29992070284;2450.97796398284;2685.75185932065;2862.07122513845
Guinée équatoriale;26167.8268522725;27241.6000370603;30011.9274409625;27909.5175876754;27177.271665026;19478.7010123338;16649.4757672359;18434.7708571004;18413.1294204577;16451.3641478324;13677.110587517;16821.4486470413;18139.9893266271;17411.5002343839
Grèce;27841.8591363591;25692.5740851321;24582.9741957507;25730.8809006664;26450.181326726;26607.7256796976;27504.5497984948;28681.6815585005;29792.0592519585;31927.3792151369;29533.087740299;33577.510092092;39117.5146584529;41922.6105205351
Grenade;10344.3839188183;10591.7475649916;10575.1056268616;11199.4040197944;12228.6481055395;13214.4096644941;13977.5055879135;15041.4525712067;15974.8591933124;16446.1138871871;14361.1267154452;15298.1231115237;17554.7320332415;18807.9447446443
Groenland;49863.6554086932;50653.0585926586;52389.3253521267;52893.6503554361;56555.0690663275;55815.6502883608;58908.5907737767;60010.0982907298;61806.8271308174;64264.0564607393;64857.6287053798;68086.4601238175;;
Guatemala;6510.09980943617;6784.44712953621;7258.31667467883;7699.9492034264;8236.65845201645;8934.00234903182;9201.42770060247;9560.17427571403;9946.80385923331;10755.8780911166;10947.3705618969;11828.3300095601;13019.4785883909;13750.28790648
Guam;;;;;;;;;;;;;;
Guyana;9336.59830203492;10066.0729753598;10626.8256674463;11199.8874744089;11145.0291198724;11408.473901349;11516.3798289577;12243.2225968541;12442.5087185876;13240.9713761155;16819.4228714695;22865.9321661614;39710.9668873971;54732.1440663013
Revenu élevé;37275.8507326226;39025.4478964694;40172.1105355693;41564.634724302;42597.6846403233;43090.0854497232;44261.5708845168;46197.0124569623;48464.9909837782;50843.6863961991;49778.628481202;55581.6787054558;60841.6879979024;64011.7580537065
Chine - RAS de Hong-Kong;49197.6448711536;52277.4664432843;52149.6812694206;53517.419549888;54514.9268059819;56043.042695697;56761.4824132224;59260.9131761938;60900.2752924537;61221.4195400701;58187.4764072535;65884.9376260603;68602.277510883;71548.9642046156
Honduras;3757.54642058787;3900.71136173338;4016.34609101801;4137.3268237781;4460.05742833175;4845.59566521125;5186.15897417161;5620.65455247733;5633.3832384519;5784.93081057111;5384.69831983038;6202.98078812037;6805.4935829456;7178.80729487996
Pays pauvres très endettés (PPTE);1986.35489339074;2057.43119150276;2061.80890453543;2154.18609952272;2301.8319981425;2357.51478833668;2453.6078207941;2541.71781719658;2646.27060936276;2781.96953883234;2776.7014897995;2970.85854710621;3238.32067166964;3391.41542852495
Croatie;20142.8561121407;21194.5530618928;21619.0742521866;22431.0268044426;22706.6209260708;23750.9446558283;25803.6870128263;27886.8618617289;29787.2590839348;33063.0812310296;31594.7008825481;36914.1150367413;41928.923039199;46777.5010828572
Haïti;2694.91104134688;2858.19645979435;2830.19080559709;3042.4970687871;3075.73843837062;3025.83461728258;3253.47178641614;3339.38884653446;3196.97386370614;3236.97492504607;3103.18066312462;3134.95014938417;3264.93354407907;3281.21232071513
Hongrie;21738.8965943079;23029.4471782091;23267.448392909;24547.9805346257;25691.5272556351;26798.8541676269;27941.9268571832;29496.1636824744;31908.863454349;35152.6036961244;35029.9132233256;38647.9980847097;43571.8820858468;45931.0864924791
BIRD seulement;9299.70113013146;10014.1510745308;10632.6585848754;11133.5004037192;11478.7439681083;11596.9433535899;12045.7307523891;12709.1784248956;13605.3158054446;14402.363256814;14429.5270638449;16315.9394440819;18092.6798420725;19601.6391956076
BIRD et IDA;7725.37941301568;8277.54462756439;8752.57427476296;9154.05936551642;9442.52108333667;9536.83565725386;9879.32069783906;10396.374594326;11075.8826385063;11689.2424409523;11684.8664761557;13098.6910774736;14464.5193649927;15574.9190983401
IDA totale;2879.02731251345;2998.81603812384;3103.20201807202;3263.75776502098;3446.39948496267;3537.26643613706;3643.38969334401;3819.8075167409;3977.03354420129;4181.35803142722;4203.87310148973;4470.8540262573;4894.06812345871;5123.42881419766
IDA mélange;3965.16582367887;4121.7863872826;4255.00133780577;4441.58471639663;4648.3393509951;4734.07752570157;4768.04226360802;5024.19673503082;5074.10150937995;5280.18016189659;5279.61878713479;5579.56598763969;6114.77408695831;6362.66630504775
Indonésie;8353.45684725106;8936.99215549454;9530.29071136718;9866.01699250847;10064.677127417;10027.5372996025;10262.5951651871;10687.6409218443;11372.0971987612;11986.4701508376;11729.3674458448;12757.0746440204;14284.9594238784;15415.6057934697
IDA seulement;2330.41225202686;2430.39158996834;2519.79024503511;2666.84924970923;2838.55470538959;2933.98864592345;3081.42033020715;3219.41225736124;3435.15672792378;3642.06224268469;3678.59543890931;3931.95396199707;4302.26756249194;4526.69200024795
Île de Man;;;;;;;;;;;;;;
Inde;4206.45985998016;4454.70153200513;4819.64288218731;5014.3505659078;5191.59149903249;5425.03599091046;5800.48149366552;6144.71714444938;6714.96639877754;7150.92423452926;6966.27542785911;8050.01857452664;9153.88084185646;10166.2434105835
Non classifié;;;;;;;;;;;;;;
Irlande;43216.9847302406;45525.7181239042;46726.2157665366;48838.7719825525;52640.7843918553;71588.2656638378;73126.2389477479;80786.0014664482;86843.7709423016;92808.0379408403;98866.4191423814;118102.765779741;136668.834083393;127873.163599903
Iran (République islamique d');17865.9413809392;18487.0762403762;16325.2010690607;15552.0130607852;15408.0965115311;13689.7646428107;14573.3219668948;15070.2585821031;14839.5691945218;13348.4109509839;14110.3191444298;14951.8948716503;16424.3773866975;17659.8739291119
Iraq;12186.1929622653;12912.0299790146;14402.0340893955;14668.5432764995;13168.245587417;9334.46604866315;9079.13531769496;10191.6616988639;12034.4011214944;12248.5917385963;10573.9304750715;12731.7535755128;14348.5744335333;14107.2979268389
Islande;39768.4169599139;40936.867830513;42004.4476110597;44409.6689530904;45996.9687476901;49201.0640964553;53480.3971946764;55638.4920591796;57197.7676247173;60523.8179440827;55796.7454667634;62032.2704112203;73646.5304838102;78380.0532417946
Israël;29361.6318327571;31233.4783632498;32401.0184944083;34728.8928412686;34713.8099054376;35782.5217169705;38072.6704682242;39336.0059707889;40067.2235719904;41222.6350870522;41051.0225268553;46238.221462336;52133.4075064552;53823.287887025
Italie;35297.8078165432;36789.0542705936;36678.1175205307;36506.3052448908;36383.1448865787;37075.9894779363;40140.5036102244;41770.2838289238;43190.5958275406;46661.9105159611;44435.6434393527;50465.0878433719;56812.0451217412;59719.7594054714
Jamaïque;8080.14850829461;8353.30747710674;8373.49511562946;8630.24204465441;8732.81302337564;8985.5766781795;9399.25792305103;9820.20736957038;10035.2797738175;10083.5268300622;8991.16205633754;9577.16421134079;10790.1333004334;11421.7535570054
Jordanie;9416.64386796892;9631.9289925536;9738.53746926194;9816.59855653123;9144.67793204995;8967.07995837808;8747.87860930851;9265.51536720733;9042.39781871198;9429.07279552037;9579.20081317696;9182.49616125602;9927.23419842979;10391.0136135688
Japon;35335.3735103814;36214.4397740241;37605.9742614539;39402.0250988025;39555.4120089198;40898.80697396;40596.9686628994;41444.2157443914;42141.9352987759;42678.1511448355;42438.44646009;44549.3383411434;47118.3882748258;50105.9043606158
Kazakhstan;18641.8061475256;20159.9329426413;21367.2180595372;23754.1341952117;23958.1128890603;22484.3651382607;23023.0872293899;23973.0602295651;25096.1285862615;28689.2710838374;29039.8229624509;32945.8515725823;35895.0839871669;38515.1836009977
Kenya;2634.89271321257;2750.28663787693;2847.27068286846;3106.39394464885;3359.48950665093;3678.32614146019;3916.65315673095;4177.24993580267;4411.56104120886;4687.37782325306;4792.57315847182;5338.85243382781;5883.22303961924;6307.23249419297
Kirghizistan;3075.61554329456;3278.35131772956;3588.67988824025;4000.96295765107;4228.19550626604;4153.37704285776;4603.76001523246;4953.71794358678;4777.94212467918;5304.22758314405;5178.56235197227;5736.47883415154;6577.51264877534;7106.49114289303
Cambodge;2988.50401436543;3223.10209351638;3583.48229739437;3890.94841205221;4117.78868309006;4433.64393500572;4748.12428521528;5050.06356615113;5616.98087023303;6153.99439528427;5942.45380373929;6225.53265474741;6917.07012912421;7425.51179063119
Kiribati;1724.46649039417;1785.57175715424;1896.32421690223;2049.33299385816;2084.13028449747;2310.60241846895;2462.83184707739;2562.06483032858;2671.76190653134;2762.93711943669;2735.83320723448;3049.47380127289;3340.04037873709;3546.91818832629
Saint-Kitts-et-Nevis;23691.4477933841;24550.1651914562;23457.8938878076;24624.4362309063;26755.5969780771;26877.4665031101;28214.709934443;29578.6311625727;30794.8986482634;32482.094417215;27326.0360574232;26896.617706598;31883.0997800561;33749.700420686
République de Corée;31736.6284370925;32546.7536531234;33557.1287196434;34244.3121393117;35324.4976704773;37902.4004037578;39575.4542830031;40957.4180587145;43044.2917633371;43865.0416366745;45142.7634505403;48571.4322096427;51621.9292633937;54033.1599772519
Koweït;75184.1258697132;79036.7857714517;82089.7260743665;76812.5388002442;68336.5991953095;45267.3085910026;41862.1739115059;46565.5499003014;51370.7320487321;50703.0001377467;41461.7235103219;50689.0440784829;54619.2185241072;51561.3638127917
Amérique latine et Caraïbes (hors revenu élevé);13069.5344997707;13939.7949333296;14218.1306536462;14682.4523137918;14983.8504647451;14748.518401976;14976.12088039;15587.1984494069;16255.6245990015;16622.8824199193;15983.8873269221;17969.2622444725;20075.4478205588;21112.4532159257
République démocratique populaire lao;3772.26605168726;4099.78457330741;4780.94733000167;5221.59855783339;5798.50436730091;6086.0673044622;6743.01053953037;7141.90652701767;7486.86452700433;7743.21906534261;7913.38660650276;8080.43553249923;8766.440626111;9291.78859001131
Liban;14703.615321365;14974.553438993;16121.335238646;16315.6137748763;16139.8649966955;17045.898285301;18940.5901000453;20963.8249472533;21985.4884702241;21710.4648750807;16259.7051312281;11599.7755083765;12292.8407305502;
Libéria;980.118139764545;1040.76141404018;1156.95319448004;1360.12910370155;1418.77355515891;1340.43279741197;1490.33581410026;1664.94481323566;1799.72751397748;1899.52200972855;1659.52109145991;1539.20892304674;1691.57275721852;1794.53340863361
Libye;30234.0918725858;15698.0519072612;26826.0729756733;21151.0051911633;17509.5285087845;17903.2565395803;16961.0177111717;18026.0187834008;18879.3151301984;16194.1082061146;10954.799045265;12641.5097714075;12272.8356181335;13848.7950025505
Sainte-Lucie;12717.7865965662;13471.2666355799;13443.4262512467;14008.5469127177;14403.0832732506;14353.1342589508;15306.816825772;16131.0916878455;17433.3636909756;18710.142566869;14912.3806120843;19101.1652956676;24599.0309175485;25974.1960274448
Amérique latine et Caraïbes;13448.0410070916;14347.8188142733;14663.2750083245;15147.2646150064;15465.0574220666;15254.3952691681;15515.6981458537;16164.6720084898;16865.3635132795;17285.6069203248;16631.5555216126;18734.1841061606;20940.5762243985;22048.7420845778
Pays les moins avancés: classement de l’ONU;2219.92435729605;2298.29483455994;2363.99711987138;2491.36187928776;2651.42709386913;2715.0849798094;2844.23597920409;2971.55684789806;3195.01547557117;3397.9462210849;3434.4531265177;3645.99224057476;4005.39386238473;4206.34079211852
Faible revenu;1548.59341463607;1557.38916491337;1482.69707168108;1552.68555574343;1685.45118052217;1752.82699627929;1853.63674916714;1904.5508409952;1971.48463000838;2055.9755250322;2049.40637457024;2160.86789388541;2333.95962584228;2411.33632700008
Liechtenstein;;;;;;;;;;;;;;
Sri Lanka;8233.62663803334;9075.54549583927;10249.1670637487;11252.6311492148;11720.5978114201;12227.1714848593;13078.560508697;13616.1845987753;14178.0225365529;14112.9525046152;12940.9045057722;14316.1352225683;14194.0225623532;14460.7414188157
Revenu intermédiaire, tranche inférieure;4332.50850670289;4557.29231879361;4907.51311359456;5123.55092989656;5316.1884979074;5515.24790837817;5778.15465505616;6110.41148394989;6561.68183757203;6975.94574287098;6936.81152524251;7650.30399071811;8586.86687486615;9300.46598363465
Revenu faible et intermédiaire;7148.43255444084;7642.98175374495;8089.07189245681;8458.61967588039;8747.80642451782;8878.07855308301;9214.16975758561;9681.96219238299;10293.8217395464;10837.1311632235;10827.4478824172;12061.9375154721;13366.0770542966;14406.0321662838
Lesotho;2152.91528287669;2278.50142791066;2291.4956531127;2538.26310306049;2771.24496867163;3034.64692924848;2942.18153663921;2618.81820770145;2632.28775223004;2568.34114362719;2559.09776834929;2544.78249551214;2761.31105002217;2880.96631005117
de dividende tardif démographique;11631.5598268888;12706.0567727014;13585.0267327621;14352.268941399;14886.0646973432;14968.0772908789;15482.3801359699;16386.9627185767;17717.3691084627;18998.7588049401;19265.6744616508;21957.776617602;24196.1193972255;26079.1195573162
Lituanie;19827.8606485901;22701.6550731151;24578.2392037146;26595.4766599064;28052.393146589;28907.9187343426;30870.240539754;33760.5531404733;36721.9325501206;40809.9308244235;41491.3281824274;46575.6925456472;51011.5920651156;53184.755285749
Luxembourg;90346.0688268008;94475.0302265023;96636.426643956;100925.011992241;105296.284588232;107859.685999308;113365.176082265;114985.842235989;116498.512080919;121403.823719046;122114.101599326;137947.34385169;146457.020543986;143809.50584454
Lettonie;17343.3946537968;18618.7388899793;20494.0869665534;21850.1704004838;22973.6009355344;24131.472889632;25802.2088300135;27645.7655686833;29817.8047263182;32199.096037709;32741.4207691987;35604.8974492032;38662.2383863044;41251.7728022402
Chine - RAS de Macao;99831.5856511491;121075.843709867;133100.431084191;149793.695123089;145113.947357173;108916.86260993;107906.815674246;120983.492894337;129726.754015517;126160.45417335;57220.817061871;74177.7825248277;64373.9325445479;116491.070017441
Saint-Martin (fr);;;;;;;;;;;;;;
Maroc;6848.66748046875;7274.1474609375;7307.6123046875;7542.0986328125;7237.27734375;7799.09228515625;7853.17626953125;8115.12060546875;7801.0986328125;8046.22900390625;7704.84912109375;8623.265625;9283.92578125;9842.888671875
Monaco;;;;;;;;;;;;;;
République de Moldova;6323.06287899041;6832.94156502961;7254.66249032313;8232.5238047368;8643.06431435343;9197.61838204272;10325.8404896126;11252.1135465283;11868.1955463223;13413.2232935126;13527.4413130967;15682.0703284653;16381.3068315541;17596.8834167667
Madagascar;1463.87646784964;1475.17055178114;1463.61756926447;1473.40398077255;1498.83976908219;1496.61172412841;1561.51962374608;1546.88001890817;1546.59563549795;1612.29772715626;1490.32312837866;1599.4127689767;1738.29455252161;1823.81732941305
Maldives;12816.4572182391;13712.651552702;13974.6614459822;15248.8840743753;16705.8642768233;17875.0989419262;18769.5060607629;19767.8893613468;21899.4292993843;23077.2112236652;13425.3674459601;19052.6224904311;22880.512315142;24735.0754169658
Afrique du Nord et Moyen-Orient;16989.4052390042;17628.1549910525;18068.6735184448;17870.1723694499;17576.7415174942;15897.2124961873;15663.7924023797;16379.1572930623;17354.4256713387;17284.8473730273;16260.6398319164;17885.8483085951;19836.3862944378;20563.8776419376
Mexique;15908.8603214578;17266.8129106549;18004.7935607542;18170.264789912;18820.7991098584;19071.4444196466;20104.5839787472;20488.7150800441;20921.4775277572;20964.2774813692;19354.1248698208;21031.708645688;23669.3787910172;25351.4404066599
Îles Marshall;3473.40469892773;3536.56004235245;3589.66880378971;3845.00357482029;3931.34410636394;4125.16169267758;4366.25764214125;4719.31304916998;5232.20524861864;6045.06240778328;6136.97119690423;6705.8752915044;7332.30020832956;7532.17477307826
Revenu intermédiaire;7719.36034896244;8272.77405250552;8781.93503415272;9192.15720503629;9508.62521842201;9656.69704242442;10031.2838462766;10558.6152971272;11247.5198753132;11861.8442398566;11871.1963050941;13260.0845271455;14725.9505974384;15911.9840292031
Macédoine du Nord;11992.9908449555;12420.1607893633;12725.2458431908;13662.0790525862;14484.0881710509;15033.1263586648;16456.9284185676;17159.4748808208;18459.2495759732;20221.8115696501;19961.3898708919;22371.4967909767;24569.2377765919;26331.6349243128
Mali;1687.18020381073;1720.78505572324;1673.62626537071;1731.766595947;1837.38434165142;1959.63098498061;2120.85820827865;2187.72951258426;2249.86222959248;2379.59587619715;2298.25189139941;2347.62752913969;2525.245789037;2657.71298407985
Malte;28911.0930972694;29424.3526569949;30714.5361061141;33046.3817601269;35116.0467610957;38294.3129748355;40921.7517839928;45672.1969861584;48102.8655795322;51375.5529361021;49928.0933102079;58199.3990191332;61992.2906697305;66588.9783797742
Myanmar;3348.12889493784;3579.40482970626;3845.15284153671;4143.63012731959;4376.38833281327;4458.69054442473;4459.53981427471;4706.43248949598;5581.2769545815;6101.37245765709;5740.99045843992;5178.44718217164;5731.93787872064;5953.35735165887
Afrique du Nord et Moyen-Orient (hors revenu élevé);11051.0623198212;11060.4668028675;11270.6753854067;11155.9755447031;10891.7550644695;10298.10741587;10386.4824418774;10824.8858025752;11304.6082306582;11275.4129231537;11402.8434290813;12155.7697050052;13392.3996721842;14072.7650267015
Monténégro;13633.0783945249;14471.6228944635;13863.1832369662;14869.3982362014;15370.047327501;16331.6473335012;18198.6324412468;19680.4258268372;21511.8986481224;24139.8157053189;21003.781959125;24509.936480946;28319.5889461379;31747.7926309416
Mongolie;7531.62557435306;8861.82052869304;10151.7217998165;10442.3850504493;10900.2305197857;10458.3027240524;10511.3831063141;11096.0375604239;12317.4824277695;13604.978943194;13693.179806943;14792.2509086422;16401.9894751531;18004.8512058355
Mariannes;;;;;;;;;;;;;;
Mozambique;1000.24114865505;1063.65543296311;1075.87786085361;1113.7525275929;1165.82826607505;1317.88785956822;1379.10740028691;1282.74965991801;1325.58695568953;1388.79707034446;1411.62040229911;1457.23540930922;1581.9441944418;1677.68102292349
Mauritanie;3177.84436558066;3270.86251341888;3464.97661099269;3831.04711012348;3865.1425867687;3977.61171275863;4682.70259690033;5353.06608810407;5429.23223059784;5610.13236713892;5740.73959690129;5836.56580821897;6484.8279272117;6946.19393340541
Maurice;15913.9099203974;16877.4651716884;17249.8932782975;18225.2375702488;19066.4430517664;20011.3333068005;21670.4566005949;22595.7290817609;23068.2409674878;24027.1189308354;21326.224396378;22737.5729410543;26601.7206625605;29511.2274099553
Malawi;1457.60568307728;1516.2111831915;1464.04323957796;1558.11224745203;1505.55190404024;1403.08451209235;1409.95802703533;1380.23263621737;1363.79445595088;1450.01008064784;1513.45990803344;1687.59358179651;1778.30582146001;1829.50768925379
Malaisie;20193.4092943464;21324.3594996498;22638.5406944009;23160.8924510627;24306.5212338415;24526.3942716012;25285.8213541391;26415.5960203287;27793.5674222948;28933.928297233;27474.7361378236;29822.8491831618;34366.2284812577;36416.5401853099
Amérique du Nord;47808.1040505824;49236.2024112397;50842.4778721114;52503.1829234609;54351.4571211366;55804.4944622057;57030.8564033606;59113.8855079372;61858.6761708785;64056.5734361533;62787.2603644221;69717.7745732193;76366.981784953;80516.232689085
Namibie;8538.19995387624;9002.23004537057;9363.76632318029;9699.2083777865;10365.3090596781;10465.8920558516;10200.1392609733;9887.9393548255;9853.73533646074;9609.48555672874;9354.13136713077;9709.09930646771;10657.7384627391;11215.5468409261
Nouvelle-Calédonie;;;;;;;;;;;;;;
Niger;1057.51100256354;1064.41917390361;1161.78908289767;1137.76904129571;1161.32515723793;1172.19178758955;1188.55709229837;1208.14609955266;1275.99643935327;1419.16805070193;1496.83350023022;1585.59922021188;1839.96909675904;1890.50518592089
Nigéria;4474.60705070661;4676.40815119281;4737.10674439825;4973.78527551768;5252.15094956758;5189.45397195461;5022.33326703982;4996.89472791886;5083.17233102207;5362.40830757561;5353.70554899388;5491.70034068297;5948.72614706813;6207.42137845063
Nicaragua;4042.18677528394;4324.70593285375;4507.9271959435;4710.55809324092;5067.74436245156;5448.88767322565;5882.36994825833;6225.3611901432;5935.17285288641;5981.1112968883;6251.98208404549;7086.62239515406;7776.18804040389;8309.3399128364
Pays-Bas (Royaume des);45306.3078054895;47004.1370739062;47653.3401651371;49622.0519614799;49751.3092860822;50956.6930942185;53162.2791598026;56037.5679936057;58819.2609142582;62345.2538465432;62596.6302027524;69323.3245840722;77284.6572485605;80760.5956257026
Norvège;58219.6143463523;62460.0908157002;65774.3520746224;67377.9262258772;66332.4614374198;60737.8868132779;59280.1992028829;64589.5559196863;70253.8463693386;70939.6055180362;67110.60457055;89209.1397773603;124252.832594829;104416.24489893
Népal;2139.22749381928;2247.99742932205;2465.83469449131;2658.02196886933;2901.19752086169;2957.30559145504;2976.12513681451;3604.70825949747;3956.12461094443;4260.67373190851;4235.57462326905;4546.22970006289;5102.99231141994;5393.62090216188
Nauru;5667.93968128051;6581.54359835443;8260.60504597188;8500.6545503779;9858.20333833826;10020.3777450169;10371.3962985151;9770.04904451333;9740.42851222762;10639.5058032541;10941.6636725889;12196.6451545359;13356.2039986979;13831.8119737926
Nouvelle-Zélande;31214.0510925451;32702.1461450023;32989.3681569621;36243.2439727716;37297.8134848978;37488.0496359613;39946.2344308563;42206.923421304;42499.3779260836;45163.6964269884;45283.4680496217;48194.0410599758;52327.6991246007;53834.3700074843
Pays membres de l'OCDE;34584.4050227601;36043.679537746;37021.7730307208;38356.299990229;39494.3508808929;40638.8282495151;42028.4999246563;43656.2427267438;45334.4398785185;47346.3310316596;46412.6661634814;51093.6756154445;56358.8218691884;59491.0588510996
Oman;55667.4687773217;52393.3135820293;49989.4425093994;47013.4730934385;44235.8336329334;36058.1666084788;33333.8635893722;33619.4988982607;37780.3308327271;37250.6110788359;35163.3281781415;38719.4587682049;43244.3771424737;42519.7049918962
Autres petits états;18888.9298114719;19848.2861850388;20600.5379653611;20922.9268988382;21238.5731322143;20652.6844404476;21555.2437315953;23046.9577834172;24151.6423503804;26062.3301175441;24691.4462655228;27170.3223986965;30104.6897747472;31802.2331372929
Pakistan;3785.70113526903;3879.5977693449;4046.59848766311;4173.93858568758;4312.99070040776;4480.26313460985;4630.7315068374;4789.53646557553;4979.3734961655;5037.53401559745;5048.0213062963;5367.27364714762;5920.2743065411;6036.65076923802
Panama;15572.5787192901;17473.7651401424;19473.2514820186;21923.6750939531;24376.0808685086;27245.2788533669;30276.7088405833;33533.3260079329;32463.540359127;33239.733231164;27017.0033688951;30932.7627780516;36245.1456551041;39803.3189532895
Pérou;9713.35863299894;10462.5770434663;10757.1522234351;11290.5547403874;11517.7371710247;11600.3873992867;12066.5460683317;12591.8562879234;13078.2323503405;13563.5372933551;12563.3038060893;15282.2736372636;16657.4897212687;16974.2420029886
Philippines;5489.23543482887;5705.43591186152;6094.26837360697;6372.8338209668;6688.73961247747;6894.26702227823;7382.66758422034;7773.79853589634;8357.74357925067;8924.10116416604;8238.36802037452;8857.78995115514;10131.3463697941;10988.6300412045
Palaos;13448.9338633245;14682.76677841;15410.4666511358;15297.6191326071;16244.7774705436;17685.0628521566;17747.6082391634;17461.7824093618;17879.4531048174;18227.2676193907;17367.269702728;15663.1743953887;16581.0210884902;17531.6984188274
Papouasie-Nouvelle-Guinée;2911.89203186852;2918.54391777544;3025.85599586772;3109.89537229917;3499.54846743959;3669.73871585691;3812.71035098996;3923.17197672983;3909.91572968075;4059.82860206018;3899.57719249419;3976.90380027548;4419.61927180525;4632.97979376141
Pologne;20993.2495602577;22808.5055268899;23728.1456821435;24433.8914344877;25459.7392273761;26988.1069013509;28359.6927346266;30170.2818974087;32345.1066076225;35882.3655065553;36714.1686660424;41774.5809568984;47116.4248290175;49338.2844409538
de Pré-dividende démographique;3158.77779767193;3265.85354300587;3330.37890218307;3472.8967356094;3566.16161471726;3393.18241374907;3391.13532415223;3487.21610297777;3671.27888025048;3831.97816622407;3710.04482586692;3984.21783613126;4334.17039631849;4466.3835549151
Porto Rico;30933.2165716188;31824.1548383855;32312.0072087117;32623.9278505429;32850.5417604204;32899.9421549518;32944.0235909988;32686.4615893529;34733.9955529873;37453.788413823;36858.9791794027;40559.6985749875;45596.8530550873;47717.5129705699
République populaire démocratique de Corée;;;;;;;;;;;;;;
Portugal;27295.1035561802;26803.2336904645;26476.2182777269;27966.0874254705;28764.5254955042;29608.0071513956;31589.2695609552;32970.8395386562;34896.7993382975;37865.5603564297;35966.7127965608;38862.0907526008;44675.2860704931;48859.1415409999
Paraguay;10893.314919848;11441.7636772278;10954.3251570163;12137.0081947596;12607.0721636639;12679.0574753215;13329.1373366322;13977.3427788651;14139.0931267561;14149.5985227505;14308.8787738328;15406.1670646579;16347.0434974754;17516.798469519
Cisjordanie et Gaza;4120.86066340935;4494.7313227255;5214.64865399126;5287.8474611963;5381.63690987475;5769.98236633202;6062.23274844577;6106.64574037122;6215.81647317396;6508.44835080318;5956.28620064819;5663.12160743584;6163.24897837616;5896.71082944838
Petits états insulaires du Pacifique;4870.08808680371;5079.46770968254;5277.8723802146;5533.16482814376;6182.51209946632;6572.78996374133;6719.03773103512;7034.81314675178;7174.35117010282;7198.70180940535;6388.17687387399;6219.02847834372;7361.50875570455;8000.81860466351
de Post-dividende démographique;38087.2568506446;39542.1230317766;40585.2866284;42100.2368411093;43222.7091044659;44339.996732154;45850.9056081374;47691.9192878103;49709.0027727943;52125.4550804714;51165.8532069613;56427.8494692018;61753.0368726391;65249.1859570956
Polynésie française;;;;;;;;;;;;;;
Qatar;151646.217413885;174619.911359101;180939.425774901;169203.26105805;148389.108964021;102545.939634633;89934.692005072;99358.3403307696;110032.713236323;107502.469792021;82149.3573715431;116832.570290462;122920.498759851;128918.549288257
Roumanie;17355.8957168398;18802.7924162642;19806.4895964286;19677.0693197749;20631.5599551031;21623.0240258599;23904.2338364029;26940.7830311046;29584.6097984103;33637.5067900569;34384.750431662;38071.1743187759;42605.0696959216;47863.9519557787
Fédération de Russie;20490.126953125;22789.54296875;24273.517578125;26019.7265625;25688.2265625;23994.013671875;24012.40234375;25777.904296875;28628.5625;30963.853515625;31490.8046875;38938.49609375;40991.6171875;44120.14453125
Rwanda;1314.13559493043;1412.90752155318;1454.52507891388;1512.24171253848;1677.56869684182;1780.74171636863;1866.38968530286;1967.94286602499;2125.49522712839;2336.03967302732;2284.89889795328;2731.09015294046;3095.91864058305;3396.15532541582
Asie du Sud;4009.74242081555;4236.80110081783;4584.11824079927;4781.89803214189;4966.30735874265;5189.0842691512;5528.01577890735;5847.8396172501;6360.87875723316;6744.92666196924;6640.34653009411;7561.39253769285;8538.4241671903;9366.42420208151
Arabie saoudite;58883.8492500573;63745.9147326362;64162.5358326384;60918.7402388012;60944.5840501349;52069.6432379942;48250.511010503;51237.7969444325;56700.0649572356;56188.1951827363;45434.4716451874;55768.2355201349;61440.7652906224;61102.915372338
Soudan;3805.62744140625;4112.21875;3710.376953125;3724.9599609375;4260.57177734375;4217.01025390625;4470.35498046875;4252.42138671875;4199.25048828125;3914.2255859375;3348.57836914063;3248.9755859375;3355.37817382813;2740.42114257813
Sénégal;2662.50486623883;2684.94989722318;2764.26130708482;2768.76818711984;2853.80456250635;2994.28032714875;3101.12348494108;3234.36158194088;3380.21596529445;3647.95137357242;3752.91947490817;4173.67741399619;4529.14886305445;4791.44862031409
Singapour;75400.5557976827;80052.3914982651;82107.7270892092;83088.3185411658;84555.2446100826;87156.187383315;89735.1660600381;95628.2409946334;103899.678923546;105542.413613949;101612.090327577;131864.092335522;141913.277272786;141553.47299754
Îles Salomon;2182.21600808736;2306.27506664892;2320.44909024681;2394.47003975644;2377.38053081102;2353.78728244996;2421.19012037618;2454.04422348649;2493.9776915795;2511.99788723681;2405.30256161449;2518.42162363735;2697.44043191964;2812.37576422898
Sierra Leone;1828.42799836139;1927.34143766235;2236.45795031876;2770.69212484387;2819.29690813983;2508.48713063489;2616.87430965986;2531.31209040501;2640.47566787646;2704.05835704649;2719.18956763927;2848.70597712579;3143.21125123713;3367.51026016213
El Salvador;6247.91452710737;6593.67806808022;6708.39032246284;7092.58852133297;7503.71105811981;7933.73697858999;8455.61614773975;8965.2189086345;9203.76216310773;9756.7521864595;9392.68913817943;10809.713399518;11858.0780641877;12657.0340625254
Saint-Marin;58926.1403695554;56239.9592730018;51274.2154785964;50770.3673195862;52909.2224071252;52247.2078276415;53033.0563376235;52463.4196397748;54460.9058332865;57444.1193582109;55206.5812324405;64745.1316780701;75941.4899090165;
Somalie;815.131435987252;881.383113050939;1002.93226571601;944.404569729022;1127.71922014571;1341.38999242705;1468.50438918685;1596.81409387515;1551.61461554673;1548.09792808202;1454.33348080297;1392.4642619251;1486.75765934254;1556.52309067949
Serbie;13320.9098381324;14297.5026703767;14505.430496874;15246.1944089374;15295.1137639713;15545.2361562802;16454.7673740969;17283.8297718943;18467.8103653114;20586.5728490787;21012.2000362479;23668.522776884;26332.3598277201;29622.0783526643
Afrique subsaharienne (hors revenu élevé);3280.92898500078;3401.29978762918;3399.82662808826;3537.21467136164;3700.69760871156;3697.45570563746;3730.19772118964;3847.37757554567;3869.5001492733;4029.47785786998;3957.16589901505;4226.33716241927;4582.22684939099;4763.52278126603
Soudan du Sud;2948.05001490976;2718.04847850752;1417.38566439045;1916.8535588619;1372.75618491146;1154.88686304107;;;;;;;;
Afrique subsaharienne;3282.50382856512;3403.04692482453;3401.58876913105;3538.96896509022;3702.64541324839;3699.43581224873;3732.45373976641;3849.75703119514;3871.96140494041;4032.06592680083;3959.44830855893;4228.46766891839;4584.76159612494;4766.1789270063
Petits états;16367.5332239944;17145.8035887134;17737.5720360979;18054.5351508378;18419.9704945251;18083.8483855601;18717.403019378;19996.2022948516;20889.1326201637;22408.9349395723;21055.3257580256;23261.1730800914;26558.7315357201;28628.1457732995
Sao Tomé-et-Principe;2858.56899089983;2914.21285695222;2694.65726490631;2945.73664283744;3233.3568807314;3171.50905832741;3319.54261733278;3436.31010124694;3941.03280858409;4655.48496449805;5144.53560286014;5732.69456061536;6033.68117221832;6149.98146081928
Suriname;13039.4491196828;13926.2226223035;15184.9254680409;16172.6961959961;16597.5853539637;16543.5743051372;14475.3069644921;17567.6802396432;17855.4787141437;19771.5473885151;16946.8942361914;18458.234999681;20078.8365545951;21135.5456365133
Slovaquie;25384.4911366354;26201.6502820886;27022.7747321382;28075.4326236719;29108.072180194;30147.9903672541;29867.9803390081;30245.7825869757;31509.8187291635;33985.6758419662;35327.9439165588;38437.4936679711;41179.239687337;44688.7739689518
Slovénie;27582.4977417186;28715.6339954963;28786.7105517686;29634.0657611471;30571.9753019832;31336.2043858881;33575.1775435758;36180.0384547623;38620.2045436305;42373.2506369279;41767.2579899958;46274.2802601484;51163.7552374557;55710.4313942924
Suède;41956.1290051562;44332.5217389078;45206.9864434727;46098.2321368832;46841.4019746739;48772.0696057277;50289.7687144135;51474.1199115161;53122.438677218;57046.4463076951;57489.2657196218;63124.5966024914;66875.6944580841;69223.5442336891
Eswatini;7155.72413728074;7426.1733231609;7675.74211405132;8148.04865404857;8298.34941569827;8326.56567332103;8446.76980672652;8536.02441887059;8564.15557183006;9203.8517513532;9264.04858528355;9846.20708043753;10434.4813469258;11245.1491471111
Sint Maarten (Dutch part);37736.4056795515;39730.5467349267;35520.5138693527;36178.1870158544;43514.2365385271;44587.5911500766;44845.106868735;44479.2967076826;41653.2008964784;45715.6970519376;38901.4867603712;40507.0672411717;47005.4692201479;49826.1146271296
Seychelles;18981.6586501593;21780.7075576057;22263.822159947;22487.2497747;24984.526915426;25435.2289894362;28811.3970334958;30674.6487335442;32091.2988657346;34219.061370118;31055.9442055039;29979.8272686091;30575.5705075202;32705.944308693
République arabe syrienne;;;;;;;;3265.07029374996;3455.89227013449;3502.17511543737;3737.65751831376;4592.83860100874;4772.46167667162;
Îles Turques-et-Caïques;;22974.0649519922;20614.3450494152;20907.6845334632;22460.9116910079;24012.8725763974;25578.2219734804;25851.0086074329;26752.9638583615;26752.4000762992;16473.4538313219;21192.4823649974;23793.3622783465;24755.806302014
Tchad;1766.8713490888;1742.21601669011;1683.19238501154;1530.06850819487;1638.98121378819;1788.14548560222;1643.45900102802;1571.06933600144;1633.63788883194;1785.16732115453;1568.60058488427;1700.16698806139;1808.83862023181;1863.94062120816
Asie de l’Est et Pacifique (BIRD et IDA);8822.8609152269;9670.57864845981;10514.7344500602;11156.7879123927;11722.9629150176;12106.2473632019;12699.283671099;13456.0278005143;14555.4345487292;15630.4142804571;15940.0644384458;17874.5006423738;19795.624334606;21497.1818108083
Europe et Asie centrale (BIRD et IDA);15897.4525976047;17499.9961447052;18490.8492010446;19752.3032714316;20182.8082363545;19973.0342517118;20538.5798514245;21911.5807008145;23458.084404124;25281.2143923033;25690.1851352048;29944.7607212088;32815.2404500427;36186.4032892772
Togo;1537.05460889632;1615.98236269349;1645.31381856677;1715.36169204481;1803.14911257134;1879.66940004825;1932.9272172408;1985.52568595321;2067.09131262388;2214.71375053039;2356.75859666213;2577.20196322069;2852.06442925896;3071.51216831952
Thaïlande;12932.2633443196;13227.454108915;14616.6497925392;15215.9492506383;15365.3175402829;15791.1714762207;16671.2506902144;17573.339815536;18876.2208766741;19963.3918407099;19163.7415152349;20245.2424111271;22220.2864757838;23465.0631354173
Tadjikistan;2291.07823629498;2455.97278263399;2679.0692960897;2918.56048007357;3151.72452793203;2975.47097476092;2913.85679547445;3017.00314887354;3069.10385079592;3459.97365083434;3653.95976759112;3985.91247611219;4514.17512398166;4963.58295264501
Turkménistan;8971.61628728072;10282.7266190528;11035.451277853;11722.8086272577;12476.5344358387;12714.8137240363;12919.371222426;13278.4030353381;14368.4621432532;15477.7237643978;15090.9394971778;16434.1399060353;18340.1112805301;19828.9248461199
Amérique latine et Caraïbes (BIRD et IDA);13367.2422506099;14271.6469870709;14589.5568702636;15077.864992891;15396.6999634929;15182.6916193573;15446.3634145202;16102.4305588699;16799.3117419652;17205.39169987;16553.2660741878;18648.6510983258;20840.5989552173;21941.8842191061
Timor-Leste;1955.32969497651;2065.96056012268;2386.13589971758;2566.03070650416;2859.86061637696;3107.57190164098;3390.76221557073;3463.11730297031;3561.28770455766;4556.61428089164;6132.08288218058;6824.79238928702;5725.14617238129;4803.96924825568
Afrique du Nord et Moyen-Orient (BIRD et IDA);11128.5197313423;11134.3854189532;11339.381278299;11222.8821710886;10954.8549839967;10350.2127300377;10436.4743701441;10879.5751415003;11364.0289604985;11331.5455895715;11467.4474122855;12233.386270851;13479.438576486;14171.9193574058
Tonga;4465.46027843927;4855.42917423652;4996.44488505618;5119.69459496664;5335.91580205211;5471.79683419906;5920.15765828118;6229.07028797522;6402.7575876172;6488.59753493044;6689.85931721869;7034.92483755247;7393.79668459425;
Asie du Sud (BIRD et IDA);4009.74242081555;4236.80110081783;4584.11824079927;4781.89803214189;4966.30735874265;5189.0842691512;5528.01577890735;5847.8396172501;6360.87875723316;6744.92666196924;6640.34653009411;7561.39253769285;8538.4241671903;9366.42420208151
Afrique subsaharienne (BIRD et IDA);3282.50382856512;3403.04692482454;3401.58876913105;3538.96896509022;3702.64541324839;3699.43581224872;3732.45373976641;3849.75703119515;3871.96140494041;4032.06592680083;3959.44830855892;4228.46766891839;4584.76159612493;4766.17892700629
Trinité-et-Tobago;30778.3127367296;31077.796969852;32103.1091184987;31912.1832129985;32269.3787995253;30031.7084670844;28349.2203394194;28734.6181312754;29497.0703863565;29687.7990986059;26627.9558992201;30826.2088114142;33556.4643201531;35188.5349159275
Tunisie;10555.0887032192;10435.9956675373;10614.531301194;10671.569727457;10946.8935757639;10782.5438382441;10993.6638464521;11288.7800135085;11841.4061980603;12494.7905733455;11918.066205483;12375.3429338664;13532.6380391977;13931.8593241649
Turquie;17343.6771298998;19590.9510387254;20627.4920606022;22373.2465583744;24105.0237978098;25855.7653558275;26695.915689876;28193.1744851997;28299.395541248;28461.1778708152;28680.2006288764;31637.5293986264;38355.153912277;44603.7294349839
Tuvalu;2945.12462551758;3175.92841210274;3170.39497661034;3277.20479239384;3418.8525560457;3775.74741342392;4030.85459891999;4226.71105130657;4431.71970221901;5209.69198096616;5122.18980234967;5352.97314051618;5661.13162581735;6150.99970413823
République-Unie de Tanzanie;2069.40185546875;2211.466796875;2083.48486328125;2176.21655273438;2221.1796875;2317.27978515625;2434.69995117188;2472.4931640625;2727.88012695313;2981.87451171875;3290.60986328125;3493.0830078125;3799.8623046875;4018.5166015625
Ouganda;2091.55963143292;2267.72270357093;2031.94669538814;2044.88182485845;2134.00916281741;2189.96485919003;2165.29759404413;2157.95747503369;2312.05752813495;2441.37445233821;2532.21950102069;2684.92035939744;2919.1777540711;3097.63702430616
Ukraine;8453.2998046875;9126.6083984375;9552.314453125;10903.8251953125;10493.7451171875;9921.833984375;10864.6572265625;11536.0810546875;12554.8486328125;14217.486328125;15541.02734375;17846.408203125;14770.0712890625;17630.125
Revenu intermédiaire, tranche supérieure;11061.0655302532;11971.0922637795;12666.8488475204;13299.8992838369;13771.9485407213;13896.7579250594;14415.5775137603;15173.970640418;16141.5906825702;17000.6122002453;17103.2441747707;19260.3688058732;21355.6146818344;23126.433228364
Uruguay;17872.5369681181;19135.3636964186;19495.4223660846;20661.3793411187;21867.8112276315;22168.6114189676;22840.5510745329;23606.6430641876;24386.4944489963;25782.6940702439;25777.7455310901;29441.4774869654;33081.5074307653;34426.6024727939
États-Unis d'Amérique;48650.6643227232;50065.9789470675;51784.4114692048;53409.7507774372;55304.3155317137;57040.2082136605;58206.6141931841;60322.261424175;63201.0458483768;65604.6815198737;64411.3731779373;71318.3073592183;78035.1753604212;82769.4122114214
Ouzbékistan;5504.85637926003;5949.484123529;6168.13764755172;6412.7238692872;6609.76717277711;6799.57332842183;6919.29475621804;7818.01112977428;8128.75520303523;8544.08026729718;8451.72505108114;9247.6438270393;10292.5309427516;11106.9715934786
Saint-Vincent-et-les Grenadines;10561.308030493;10773.6144742571;10988.5026140095;11624.8625142076;12135.5830510291;12378.842727428;13493.4773120997;13575.4319769513;14689.8500710886;15344.3607541942;15417.2129435522;15900.9765805992;18396.4968707685;20349.2285703519
Venezuela (République bolivarienne du);16527.7394079357;17349.1759979718;;;;;;;;;;;;
Îles Vierges britanniques;;;;;;;;;;;;;;
Îles Vierges (EU);41607.5668570907;39006.0820141958;33878.9831086299;32333.9108029093;32360.9003829007;32573.7166812171;33470.5904770327;33893.5501815475;36746.4868901838;40021.7775798024;41749.0800364553;46893.5496988741;49793.0324395718;
Viet Nam;5389.2195698842;5786.12348870721;6376.79765706172;6758.40433634749;7296.8794808738;7671.5819778084;8374.50684516118;9169.73192052855;10009.9714756006;11029.2732083963;11609.3177276423;12048.9019935536;13852.1163600719;14973.8839607259
Vanuatu;2733.45922586053;2815.68693384029;2834.12630869942;2832.00606133005;2905.96094742857;2878.84341716336;2975.53120799348;3145.92734983465;3232.94825794501;3314.66721346101;3117.64425286088;3135.83664939695;3345.26810172903;3460.93371361519
Monde;12852.0810577017;13536.2466946384;14071.8726941033;14593.0254764175;14979.4232650398;15140.6071582966;15592.5469082863;16281.3174917076;17141.1361223307;17962.5365101314;17725.7828913423;19693.2147503565;21654.5145041196;23033.8673463335
Samoa;5229.04191194027;5494.24063118213;5338.73979315826;5386.90063067716;5468.10058514442;5681.77812758001;6141.45089041361;6280.21500465161;6318.26977281397;6638.18454746439;6450.76538360922;6214.01692789558;6260.40238271448;6996.84192109141
Kosovo;7179.22277926688;7776.47393102774;7897.56692777876;8090.75939263902;8200.47420451574;8714.91966356132;9157.04630742908;9380.94007290057;10018.7387080811;10861.0531745974;10532.4995857033;12362.4140965831;13950.8967322411;15141.2457331927
Yémen;3603.0350562724;3113.38292725278;3004.92091434025;3164.32154223615;;;;;;;;;;
Afrique du Sud;12637.2912224786;13143.1933361097;12986.7976675307;13369.4382039605;13358.9417186608;13397.5234813346;13519.3235102376;13738.4385854596;13347.3634826038;13361.4851289112;12671.0862436851;13711.2935730474;14759.4350715619;15194.1991761106
Zambie;3097.66400496223;3228.48714255039;3323.63312219856;3477.28178777683;3441.31497643775;3337.47306887696;3313.35121570029;3391.62768492775;3442.27307196302;3361.39750299612;3157.30009311643;3503.03491418372;3840.72450511141;4076.99508686639
Zimbabwe;1734.4855585966;1993.43530634353;2271.55628046282;2475.2903994577;2553.44421429722;2646.65399283048;2796.79647521944;7045.35742588314;2614.40627109802;3211.47191261594;3510.59403589955;3184.78545138737;3560.04327343522;3820.36262949732